<?xml version="1.0" encoding="UTF-8"?>
<root>
  <item name="com.huawei.hms.support.api.location.cachemanager.location.RequestLocationMethodType">
    <annotation name="androidx.annotation.StringDef">
      <val name="value" val="{com.huawei.hms.support.api.location.cachemanager.location.RequestLocationMethodType.NORMAL, com.huawei.hms.support.api.location.cachemanager.location.RequestLocationMethodType.EX, com.huawei.hms.support.api.location.cachemanager.location.RequestLocationMethodType.INTENT, com.huawei.hms.support.api.location.cachemanager.location.RequestLocationMethodType.OTHER}" />
    </annotation>
  </item>
  <item name="com.huawei.hms.support.api.location.cachemanager.location.RequestLocationUpdatesCache RequestLocationUpdatesCache(com.huawei.hms.location.LocationRequest, android.app.PendingIntent, com.huawei.hms.location.LocationCallback, android.os.Looper, java.lang.String, java.lang.String) 5">
    <annotation name="androidx.annotation.StringDef">
      <val name="value" val="{com.huawei.hms.support.api.location.cachemanager.location.RequestLocationMethodType.NORMAL, com.huawei.hms.support.api.location.cachemanager.location.RequestLocationMethodType.EX, com.huawei.hms.support.api.location.cachemanager.location.RequestLocationMethodType.INTENT, com.huawei.hms.support.api.location.cachemanager.location.RequestLocationMethodType.OTHER}" />
    </annotation>
  </item>
</root>

