<?xml version="1.0" encoding="UTF-8"?>
<root>
  <item name="com.huawei.hms.support.api.location.common.LocationRequestHelper com.huawei.hms.support.api.location.cachemanager.location.RequestLocationUpdatesCache createRemoveLocationUpdatesCache(com.huawei.hms.location.LocationCallback, android.app.PendingIntent, java.lang.String, java.lang.String) 2">
    <annotation name="androidx.annotation.StringDef">
      <val name="value" val="{com.huawei.hms.support.api.location.cachemanager.location.RequestLocationMethodType.NORMAL, com.huawei.hms.support.api.location.cachemanager.location.RequestLocationMethodType.EX, com.huawei.hms.support.api.location.cachemanager.location.RequestLocationMethodType.INTENT, com.huawei.hms.support.api.location.cachemanager.location.RequestLocationMethodType.OTHER}" />
    </annotation>
  </item>
  <item name="com.huawei.hms.support.api.location.common.LocationRequestHelper com.huawei.hms.support.api.location.callback.BaseTaskApiCall createRemoveTaskApiCall(com.huawei.hms.location.LocationCallback, android.app.PendingIntent, java.lang.String, java.lang.String, com.huawei.hms.support.api.entity.location.updates.RemoveLocationUpdatesRequest) 2">
    <annotation name="androidx.annotation.StringDef">
      <val name="value" val="{com.huawei.hms.support.api.location.cachemanager.location.RequestLocationMethodType.NORMAL, com.huawei.hms.support.api.location.cachemanager.location.RequestLocationMethodType.EX, com.huawei.hms.support.api.location.cachemanager.location.RequestLocationMethodType.INTENT, com.huawei.hms.support.api.location.cachemanager.location.RequestLocationMethodType.OTHER}" />
    </annotation>
  </item>
  <item name="com.huawei.hms.support.api.location.common.LocationRequestHelper com.huawei.hms.support.api.location.callback.BaseTaskApiCall createRequestApiCall(java.lang.String, com.huawei.hms.location.LocationRequest, com.huawei.hms.location.LocationCallback, android.os.Looper, android.app.PendingIntent, com.huawei.hms.support.api.entity.location.updates.RequestLocationUpdatesRequest) 0">
    <annotation name="androidx.annotation.StringDef">
      <val name="value" val="{com.huawei.hms.support.api.location.cachemanager.location.RequestLocationMethodType.NORMAL, com.huawei.hms.support.api.location.cachemanager.location.RequestLocationMethodType.EX, com.huawei.hms.support.api.location.cachemanager.location.RequestLocationMethodType.INTENT, com.huawei.hms.support.api.location.cachemanager.location.RequestLocationMethodType.OTHER}" />
    </annotation>
  </item>
</root>

