<?xml version="1.0" encoding="UTF-8"?>
<root>
  <item name="com.huawei.hms.support.api.location.LocationClientImpl com.huawei.hmf.tasks.Task&lt;java.lang.Void&gt; realRemoveLocationUpdates(com.huawei.hms.location.LocationCallback, android.app.PendingIntent, java.lang.String) 2">
    <annotation name="androidx.annotation.StringDef">
      <val name="value" val="{com.huawei.hms.support.api.location.cachemanager.location.RequestLocationMethodType.NORMAL, com.huawei.hms.support.api.location.cachemanager.location.RequestLocationMethodType.EX, com.huawei.hms.support.api.location.cachemanager.location.RequestLocationMethodType.INTENT, com.huawei.hms.support.api.location.cachemanager.location.RequestLocationMethodType.OTHER}" />
    </annotation>
  </item>
  <item name="com.huawei.hms.support.api.location.LocationClientImpl com.huawei.hmf.tasks.Task&lt;java.lang.Void&gt; realRequestLocationUpdates(com.huawei.hms.location.LocationRequest, com.huawei.hms.location.LocationCallback, android.os.Looper, android.app.PendingIntent, java.lang.String) 4">
    <annotation name="androidx.annotation.StringDef">
      <val name="value" val="{com.huawei.hms.support.api.location.cachemanager.location.RequestLocationMethodType.NORMAL, com.huawei.hms.support.api.location.cachemanager.location.RequestLocationMethodType.EX, com.huawei.hms.support.api.location.cachemanager.location.RequestLocationMethodType.INTENT, com.huawei.hms.support.api.location.cachemanager.location.RequestLocationMethodType.OTHER}" />
    </annotation>
  </item>
</root>

